{
  "type": "minecraft:ore",
  "config": {
    "size": 8,
    "discard_chance_on_air_exposure": 0,
    "targets": [
      {
        "target": {
          "predicate_type": "tag_match",
          "tag": "stone_ore_replaceables"
        },
        "state": {
          "Name": "ultimate_mod:galaxy_ore"
        }
      },
      {
        "target": {
          "predicate_type": "blockstate_match",
          "block_state": {
            "Name": "minecraft:diamond_ore"
          }
        },
        "state": {
          "Name": "ultimate_mod:galaxy_ore"
        }
      },
      {
        "target": {
          "predicate_type": "blockstate_match",
          "block_state": {
            "Name": "minecraft:stone"
          }
        },
        "state": {
          "Name": "ultimate_mod:galaxy_ore"
        }
      },
      {
        "target": {
          "predicate_type": "blockstate_match",
          "block_state": {
            "Name": "minecraft:emerald_ore"
          }
        },
        "state": {
          "Name": "ultimate_mod:galaxy_ore"
        }
      },
      {
        "target": {
          "predicate_type": "blockstate_match",
          "block_state": {
            "Name": "minecraft:coal_ore"
          }
        },
        "state": {
          "Name": "ultimate_mod:galaxy_ore"
        }
      },
      {
        "target": {
          "predicate_type": "blockstate_match",
          "block_state": {
            "Name": "minecraft:deepslate_diamond_ore"
          }
        },
        "state": {
          "Name": "ultimate_mod:galaxy_ore"
        }
      },
      {
        "target": {
          "predicate_type": "blockstate_match",
          "block_state": {
            "Name": "minecraft:deepslate",
            "Properties": {
              "axis": "y"
            }
          }
        },
        "state": {
          "Name": "ultimate_mod:galaxy_ore"
        }
      }
    ]
  }
}