{
  "display": {
    "icon": {
      "item": "ultimate_mod:galaxy_swords"
    },
    "title": {
      "translate": "advancements.galaxy_sword_obtain_advancment.title"
    },
    "description": {
      "translate": "advancements.galaxy_sword_obtain_advancment.descr"
    },
    "frame": "challenge",
    "show_toast": true,
    "announce_to_chat": true,
    "hidden": false
  },
  "criteria": {
    "galaxy_sword_obtain_advancment_0": {
      "trigger": "minecraft:inventory_changed",
      "conditions": {
        "items": [
          {
            "items": [
              "ultimate_mod:galaxy_swords"
            ],
            "count": {
              "min": 1,
              "max": 1
            }
          }
        ]
      }
    }
  },
  "parent": "ultimate_mod:bhb_obtain_advancment"
}