{
  "display": {
    "background": "minecraft:textures/block/stone.png",
    "icon": {
      "item": "ultimate_mod:galaxy_gem"
    },
    "title": {
      "translate": "advancements.galaxy_gem_obtain_advancment.title"
    },
    "description": {
      "translate": "advancements.galaxy_gem_obtain_advancment.descr"
    },
    "frame": "goal",
    "show_toast": true,
    "announce_to_chat": true,
    "hidden": false
  },
  "criteria": {
    "galaxy_gem_obtain_advancment_0": {
      "trigger": "minecraft:inventory_changed",
      "conditions": {
        "items": [
          {
            "items": [
              "ultimate_mod:galaxy_gem"
            ],
            "count": {
              "min": 1,
              "max": 1
            }
          }
        ]
      }
    }
  },
  "rewards": {
    "experience": 5
  }
}