{
  "display": {
    "icon": {
      "item": "ultimate_mod:galaxy_ore"
    },
    "title": {
      "translate": "advancements.galaxy_biome_found.title"
    },
    "description": {
      "translate": "advancements.galaxy_biome_found.descr"
    },
    "frame": "goal",
    "show_toast": true,
    "announce_to_chat": true,
    "hidden": false
  },
  "criteria": {
    "galaxy_biome_found_0": {
      "trigger": "minecraft:location",
      "conditions": {
        "player": [
          {
            "condition": "minecraft:entity_properties",
            "entity": "this",
            "predicate": {
              "location": {
                "biome": "ultimate_mod:galaxy_biome"
              }
            }
          }
        ]
      }
    }
  },
  "parent": "ultimate_mod:converter_obtain_advancment"
}